{"stats":{"minecraft:crafted":{"minecraft:crafting_table":1,"minecraft:stick":8,"regions_unexplored:maple_planks":136,"minecraft:wooden_pickaxe":1,"minecraft:stone_pickaxe":1,"minecraft:stone_axe":1},"minecraft:mined":{"treechop:chopped_log":1,"regions_unexplored:red_maple_leaf_pile":2,"minecraft:grass":4,"projectvibrantjourneys:short_grass":1,"regions_unexplored:silt_dirt":9,"regions_unexplored:maple_leaf_pile":1,"regions_unexplored:medium_grass":2,"minecraft:stone":20,"projectvibrantjourneys:fallen_leaves":1,"regions_unexplored:silt_grass_block":1},"minecraft:picked_up":{"minecraft:stick":4,"projectvibrantjourneys:fallen_leaves":1,"projectvibrantjourneys:bark_mushroom":1,"minecraft:wooden_pickaxe":1,"regions_unexplored:silt_dirt":10,"regions_unexplored:red_maple_sapling":14,"regions_unexplored:red_maple_leaf_pile":1,"alexsmobs:animal_dictionary":1,"toughasnails:water_canteen":1,"regions_unexplored:maple_leaf_pile":2,"regions_unexplored:maple_log":34,"minecraft:cobblestone":20},"minecraft:broken":{"toughasnails:water_canteen":1},"minecraft:dropped":{"regions_unexplored:red_maple_sapling":14,"regions_unexplored:red_maple_leaf_pile":1,"regions_unexplored:maple_leaf_pile":2,"alexsmobs:animal_dictionary":1,"minecraft:wooden_pickaxe":1,"regions_unexplored:silt_dirt":8,"projectvibrantjourneys:bark_mushroom":1},"minecraft:used":{"regions_unexplored:silt_dirt":2,"minecraft:apple":1,"minecraft:bread":2,"minecraft:wooden_pickaxe":21,"toughasnails:water_canteen":14,"minecraft:crafting_table":1,"toughasnails:empty_canteen":1},"minecraft:custom":{"minecraft:time_since_rest":10932,"minecraft:sprint_one_cm":15378,"minecraft:damage_taken":190,"minecraft:walk_one_cm":25040,"minecraft:drop":8,"minecraft:damage_dealt":40,"minecraft:interact_with_crafting_table":4,"minecraft:swim_one_cm":721,"minecraft:fly_one_cm":10210,"minecraft:open_barrel":7,"minecraft:open_chest":3,"minecraft:crouch_one_cm":512,"minecraft:play_time":10932,"minecraft:sneak_time":399,"minecraft:walk_under_water_one_cm":108,"minecraft:jump":60,"minecraft:walk_on_water_one_cm":179,"minecraft:time_since_death":10932,"minecraft:total_world_time":10932,"minecraft:climb_one_cm":1734,"minecraft:fall_one_cm":882}},"DataVersion":3465}