{"stats":{"minecraft:crafted":{"minecraft:crafting_table":1,"regions_unexplored:maple_planks":164,"minecraft:wooden_pickaxe":1,"minecraft:wheat":36},"minecraft:mined":{"minecraft:hay_block":5,"minecraft:coarse_dirt":1,"minecraft:andesite":1,"treechop:chopped_log":1,"projectvibrantjourneys:short_grass":1,"regions_unexplored:silt_dirt":4,"regions_unexplored:red_maple_leaves":9,"minecraft:deepslate_bricks":3,"minecraft:stone":6,"regions_unexplored:silt_grass_block":1},"minecraft:picked_up":{"regions_unexplored:silver_birch_sapling":2,"projectvibrantjourneys:light_brown_bark_mushroom":3,"minecraft:stick":19,"minecraft:coarse_dirt":1,"minecraft:andesite":1,"projectvibrantjourneys:bark_mushroom":2,"regions_unexplored:silt_dirt":5,"regions_unexplored:red_maple_sapling":40,"regions_unexplored:red_maple_leaf_pile":1,"regions_unexplored:orange_maple_sapling":10,"minecraft:apple":4,"minecraft:wheat_seeds":1,"minecraft:deepslate_bricks":3,"minecraft:hay_block":4,"regions_unexplored:maple_leaf_pile":2,"regions_unexplored:maple_log":44,"minecraft:cobblestone":6},"minecraft:used":{"minecraft:wooden_pickaxe":14,"minecraft:deepslate_bricks":3,"toughasnails:water_canteen":2,"regions_unexplored:maple_planks":35,"minecraft:crafting_table":1,"minecraft:andesite":1,"minecraft:coarse_dirt":1},"minecraft:dropped":{"toughasnails:water_canteen":1},"minecraft:custom":{"minecraft:time_since_rest":506,"minecraft:sprint_one_cm":24294,"minecraft:damage_taken":240,"minecraft:walk_one_cm":27073,"minecraft:drop":1,"minecraft:swim_one_cm":1914,"minecraft:interact_with_crafting_table":1,"minecraft:fly_one_cm":15534,"minecraft:open_barrel":4,"minecraft:open_chest":4,"minecraft:crouch_one_cm":3616,"minecraft:play_time":17545,"minecraft:deaths":1,"minecraft:sneak_time":1281,"minecraft:walk_under_water_one_cm":1005,"minecraft:jump":125,"minecraft:time_since_death":474,"minecraft:walk_on_water_one_cm":864,"minecraft:total_world_time":17545,"minecraft:climb_one_cm":1444,"minecraft:fall_one_cm":3049}},"DataVersion":3465}